id,text,label
0,This is a rumor circulating online,non-rumor
1,Check facts before sharing this post,non-rumor
2,This is a rumor circulating online,non-rumor
3,Unverified claim spreading rapidly,non-rumor
4,This is a rumor circulating online,non-rumor
5,Official statement released by authorities,non-rumor
6,Unverified claim spreading rapidly,non-rumor
7,Unverified claim spreading rapidly,rumor
8,Breaking news event reported in Beijing,non-rumor
9,This is a rumor circulating online,rumor
10,This is a rumor circulating online,non-rumor
11,Unverified claim spreading rapidly,rumor
12,Breaking news event reported in Beijing,non-rumor
13,Unverified claim spreading rapidly,non-rumor
14,Official statement released by authorities,non-rumor
15,Official statement released by authorities,non-rumor
16,Unverified claim spreading rapidly,non-rumor
17,Official statement released by authorities,rumor
18,This is a rumor circulating online,non-rumor
19,This is a rumor circulating online,non-rumor
20,Unverified claim spreading rapidly,rumor
21,Unverified claim spreading rapidly,rumor
22,This is a rumor circulating online,rumor
23,This is a rumor circulating online,rumor
24,Check facts before sharing this post,non-rumor
25,Check facts before sharing this post,rumor
26,Official statement released by authorities,rumor
27,This is a rumor circulating online,non-rumor
28,This is a rumor circulating online,rumor
29,This is a rumor circulating online,rumor
30,Official statement released by authorities,non-rumor
31,Breaking news event reported in Beijing,rumor
32,This is a rumor circulating online,rumor
33,Unverified claim spreading rapidly,non-rumor
34,Unverified claim spreading rapidly,non-rumor
35,This is a rumor circulating online,non-rumor
36,Unverified claim spreading rapidly,rumor
37,Breaking news event reported in Beijing,rumor
38,Official statement released by authorities,rumor
39,Breaking news event reported in Beijing,non-rumor
40,Official statement released by authorities,non-rumor
41,Unverified claim spreading rapidly,non-rumor
42,Unverified claim spreading rapidly,rumor
43,Check facts before sharing this post,rumor
44,Unverified claim spreading rapidly,rumor
45,Check facts before sharing this post,non-rumor
46,Official statement released by authorities,non-rumor
47,Official statement released by authorities,non-rumor
48,Breaking news event reported in Beijing,non-rumor
49,This is a rumor circulating online,non-rumor
50,Unverified claim spreading rapidly,non-rumor
51,Official statement released by authorities,non-rumor
52,This is a rumor circulating online,rumor
53,Unverified claim spreading rapidly,rumor
54,This is a rumor circulating online,non-rumor
55,Breaking news event reported in Beijing,rumor
56,Unverified claim spreading rapidly,non-rumor
57,Check facts before sharing this post,rumor
58,This is a rumor circulating online,rumor
59,Unverified claim spreading rapidly,non-rumor
60,Check facts before sharing this post,non-rumor
61,Breaking news event reported in Beijing,rumor
62,Check facts before sharing this post,rumor
63,Unverified claim spreading rapidly,rumor
64,Breaking news event reported in Beijing,rumor
65,Unverified claim spreading rapidly,rumor
66,Unverified claim spreading rapidly,rumor
67,Unverified claim spreading rapidly,non-rumor
68,Breaking news event reported in Beijing,rumor
69,Breaking news event reported in Beijing,non-rumor
70,Unverified claim spreading rapidly,non-rumor
71,This is a rumor circulating online,rumor
72,This is a rumor circulating online,rumor
73,This is a rumor circulating online,rumor
74,Official statement released by authorities,non-rumor
75,Unverified claim spreading rapidly,non-rumor
76,Breaking news event reported in Beijing,rumor
77,Check facts before sharing this post,non-rumor
78,This is a rumor circulating online,rumor
79,Breaking news event reported in Beijing,rumor
80,Official statement released by authorities,rumor
81,This is a rumor circulating online,rumor
82,Unverified claim spreading rapidly,non-rumor
83,This is a rumor circulating online,rumor
84,Check facts before sharing this post,non-rumor
85,Official statement released by authorities,non-rumor
86,Unverified claim spreading rapidly,non-rumor
87,This is a rumor circulating online,rumor
88,Breaking news event reported in Beijing,non-rumor
89,Check facts before sharing this post,rumor
90,Check facts before sharing this post,non-rumor
91,Check facts before sharing this post,rumor
92,Unverified claim spreading rapidly,rumor
93,Breaking news event reported in Beijing,rumor
94,Breaking news event reported in Beijing,non-rumor
95,Breaking news event reported in Beijing,rumor
96,Unverified claim spreading rapidly,rumor
97,Breaking news event reported in Beijing,non-rumor
98,Official statement released by authorities,rumor
99,Official statement released by authorities,rumor
100,Check facts before sharing this post,rumor
101,Check facts before sharing this post,rumor
102,This is a rumor circulating online,rumor
103,Official statement released by authorities,non-rumor
104,This is a rumor circulating online,non-rumor
105,Check facts before sharing this post,rumor
106,Unverified claim spreading rapidly,non-rumor
107,Official statement released by authorities,non-rumor
108,Unverified claim spreading rapidly,non-rumor
109,This is a rumor circulating online,rumor
110,Check facts before sharing this post,rumor
111,Unverified claim spreading rapidly,non-rumor
112,Check facts before sharing this post,non-rumor
113,This is a rumor circulating online,rumor
114,Official statement released by authorities,rumor
115,Breaking news event reported in Beijing,rumor
116,Check facts before sharing this post,non-rumor
117,This is a rumor circulating online,non-rumor
118,Unverified claim spreading rapidly,non-rumor
119,Check facts before sharing this post,non-rumor
120,Official statement released by authorities,rumor
121,Breaking news event reported in Beijing,rumor
122,Breaking news event reported in Beijing,rumor
123,Official statement released by authorities,rumor
124,Unverified claim spreading rapidly,rumor
125,Breaking news event reported in Beijing,rumor
126,Official statement released by authorities,rumor
127,Check facts before sharing this post,rumor
128,Check facts before sharing this post,rumor
129,Check facts before sharing this post,rumor
130,Check facts before sharing this post,non-rumor
131,Official statement released by authorities,rumor
132,This is a rumor circulating online,rumor
133,Breaking news event reported in Beijing,rumor
134,Breaking news event reported in Beijing,rumor
135,Breaking news event reported in Beijing,non-rumor
136,Official statement released by authorities,rumor
137,Official statement released by authorities,rumor
138,Official statement released by authorities,rumor
139,This is a rumor circulating online,non-rumor
140,Unverified claim spreading rapidly,rumor
141,Unverified claim spreading rapidly,rumor
142,Unverified claim spreading rapidly,non-rumor
143,Official statement released by authorities,rumor
144,Breaking news event reported in Beijing,non-rumor
145,Official statement released by authorities,rumor
146,Official statement released by authorities,rumor
147,Breaking news event reported in Beijing,non-rumor
148,Unverified claim spreading rapidly,rumor
149,Breaking news event reported in Beijing,non-rumor
150,Official statement released by authorities,non-rumor
151,Official statement released by authorities,non-rumor
152,Check facts before sharing this post,non-rumor
153,This is a rumor circulating online,non-rumor
154,Unverified claim spreading rapidly,rumor
155,Official statement released by authorities,non-rumor
156,Breaking news event reported in Beijing,rumor
157,Unverified claim spreading rapidly,rumor
158,This is a rumor circulating online,non-rumor
159,Breaking news event reported in Beijing,non-rumor
160,Breaking news event reported in Beijing,rumor
161,This is a rumor circulating online,rumor
162,Check facts before sharing this post,rumor
163,Official statement released by authorities,non-rumor
164,Unverified claim spreading rapidly,rumor
165,Breaking news event reported in Beijing,non-rumor
166,Check facts before sharing this post,non-rumor
167,Unverified claim spreading rapidly,non-rumor
168,Check facts before sharing this post,non-rumor
169,Official statement released by authorities,non-rumor
170,This is a rumor circulating online,rumor
171,This is a rumor circulating online,rumor
172,Unverified claim spreading rapidly,non-rumor
173,Unverified claim spreading rapidly,non-rumor
174,Check facts before sharing this post,non-rumor
175,This is a rumor circulating online,non-rumor
176,This is a rumor circulating online,rumor
177,This is a rumor circulating online,non-rumor
178,Unverified claim spreading rapidly,non-rumor
179,Check facts before sharing this post,non-rumor
180,Check facts before sharing this post,non-rumor
181,Official statement released by authorities,rumor
182,Unverified claim spreading rapidly,non-rumor
183,This is a rumor circulating online,non-rumor
184,Check facts before sharing this post,non-rumor
185,Breaking news event reported in Beijing,non-rumor
186,Unverified claim spreading rapidly,rumor
187,Unverified claim spreading rapidly,non-rumor
188,This is a rumor circulating online,non-rumor
189,This is a rumor circulating online,rumor
190,Check facts before sharing this post,non-rumor
191,Official statement released by authorities,rumor
192,Unverified claim spreading rapidly,rumor
193,Breaking news event reported in Beijing,rumor
194,Official statement released by authorities,rumor
195,Breaking news event reported in Beijing,rumor
196,Breaking news event reported in Beijing,non-rumor
197,Breaking news event reported in Beijing,rumor
198,Official statement released by authorities,non-rumor
199,This is a rumor circulating online,non-rumor
200,Breaking news event reported in Beijing,non-rumor
201,Unverified claim spreading rapidly,non-rumor
202,This is a rumor circulating online,rumor
203,Breaking news event reported in Beijing,rumor
204,This is a rumor circulating online,rumor
205,This is a rumor circulating online,rumor
206,Unverified claim spreading rapidly,non-rumor
207,Unverified claim spreading rapidly,non-rumor
208,Official statement released by authorities,rumor
209,Official statement released by authorities,rumor
210,Unverified claim spreading rapidly,rumor
211,This is a rumor circulating online,non-rumor
212,Official statement released by authorities,non-rumor
213,Unverified claim spreading rapidly,rumor
214,Official statement released by authorities,non-rumor
215,Official statement released by authorities,rumor
216,This is a rumor circulating online,non-rumor
217,Breaking news event reported in Beijing,rumor
218,Official statement released by authorities,rumor
219,Check facts before sharing this post,rumor
220,Unverified claim spreading rapidly,rumor
221,Unverified claim spreading rapidly,non-rumor
222,Official statement released by authorities,non-rumor
223,Official statement released by authorities,rumor
224,Official statement released by authorities,rumor
225,Breaking news event reported in Beijing,rumor
226,Unverified claim spreading rapidly,non-rumor
227,Check facts before sharing this post,non-rumor
228,Check facts before sharing this post,rumor
229,Breaking news event reported in Beijing,non-rumor
230,Check facts before sharing this post,non-rumor
231,Breaking news event reported in Beijing,non-rumor
232,This is a rumor circulating online,rumor
233,Official statement released by authorities,rumor
234,This is a rumor circulating online,non-rumor
235,Breaking news event reported in Beijing,non-rumor
236,Check facts before sharing this post,non-rumor
237,Unverified claim spreading rapidly,non-rumor
238,This is a rumor circulating online,non-rumor
239,This is a rumor circulating online,non-rumor
240,This is a rumor circulating online,rumor
241,Breaking news event reported in Beijing,non-rumor
242,Unverified claim spreading rapidly,rumor
243,Unverified claim spreading rapidly,rumor
244,Official statement released by authorities,non-rumor
245,Check facts before sharing this post,non-rumor
246,Breaking news event reported in Beijing,rumor
247,Check facts before sharing this post,non-rumor
248,Breaking news event reported in Beijing,non-rumor
249,This is a rumor circulating online,rumor
250,Unverified claim spreading rapidly,non-rumor
251,Breaking news event reported in Beijing,non-rumor
252,This is a rumor circulating online,non-rumor
253,Breaking news event reported in Beijing,rumor
254,Breaking news event reported in Beijing,non-rumor
255,Official statement released by authorities,non-rumor
256,This is a rumor circulating online,rumor
257,Check facts before sharing this post,non-rumor
258,Check facts before sharing this post,rumor
259,Unverified claim spreading rapidly,non-rumor
260,Check facts before sharing this post,non-rumor
261,This is a rumor circulating online,rumor
262,Breaking news event reported in Beijing,rumor
263,Unverified claim spreading rapidly,non-rumor
264,Unverified claim spreading rapidly,non-rumor
265,Unverified claim spreading rapidly,rumor
266,Breaking news event reported in Beijing,non-rumor
267,Check facts before sharing this post,non-rumor
268,Breaking news event reported in Beijing,rumor
269,Check facts before sharing this post,rumor
270,Unverified claim spreading rapidly,rumor
271,This is a rumor circulating online,rumor
272,Breaking news event reported in Beijing,non-rumor
273,Unverified claim spreading rapidly,non-rumor
274,Official statement released by authorities,non-rumor
275,Official statement released by authorities,rumor
276,Breaking news event reported in Beijing,non-rumor
277,Breaking news event reported in Beijing,non-rumor
278,Official statement released by authorities,rumor
279,Check facts before sharing this post,rumor
280,Official statement released by authorities,non-rumor
281,Official statement released by authorities,rumor
282,Unverified claim spreading rapidly,rumor
283,Unverified claim spreading rapidly,non-rumor
284,Official statement released by authorities,rumor
285,Breaking news event reported in Beijing,non-rumor
286,Official statement released by authorities,non-rumor
287,Check facts before sharing this post,non-rumor
288,Check facts before sharing this post,non-rumor
289,Unverified claim spreading rapidly,non-rumor
290,This is a rumor circulating online,rumor
291,Official statement released by authorities,rumor
292,This is a rumor circulating online,non-rumor
293,Check facts before sharing this post,non-rumor
294,Breaking news event reported in Beijing,rumor
295,Unverified claim spreading rapidly,non-rumor
296,This is a rumor circulating online,rumor
297,Breaking news event reported in Beijing,non-rumor
298,Breaking news event reported in Beijing,non-rumor
299,Breaking news event reported in Beijing,non-rumor
300,Unverified claim spreading rapidly,non-rumor
301,Check facts before sharing this post,rumor
302,Unverified claim spreading rapidly,non-rumor
303,Unverified claim spreading rapidly,non-rumor
304,Check facts before sharing this post,non-rumor
305,This is a rumor circulating online,non-rumor
306,Unverified claim spreading rapidly,rumor
307,This is a rumor circulating online,rumor
308,This is a rumor circulating online,rumor
309,Check facts before sharing this post,non-rumor
310,Breaking news event reported in Beijing,non-rumor
311,Breaking news event reported in Beijing,non-rumor
312,This is a rumor circulating online,rumor
313,Unverified claim spreading rapidly,rumor
314,Breaking news event reported in Beijing,non-rumor
315,This is a rumor circulating online,non-rumor
316,Official statement released by authorities,rumor
317,Breaking news event reported in Beijing,rumor
318,Check facts before sharing this post,non-rumor
319,This is a rumor circulating online,non-rumor
320,Official statement released by authorities,non-rumor
321,Check facts before sharing this post,rumor
322,Breaking news event reported in Beijing,rumor
323,Official statement released by authorities,non-rumor
324,Breaking news event reported in Beijing,rumor
325,Unverified claim spreading rapidly,rumor
326,Unverified claim spreading rapidly,rumor
327,Unverified claim spreading rapidly,non-rumor
328,Unverified claim spreading rapidly,non-rumor
329,Unverified claim spreading rapidly,rumor
330,Check facts before sharing this post,rumor
331,Breaking news event reported in Beijing,rumor
332,This is a rumor circulating online,non-rumor
333,Official statement released by authorities,rumor
334,This is a rumor circulating online,non-rumor
335,This is a rumor circulating online,rumor
336,This is a rumor circulating online,non-rumor
337,Breaking news event reported in Beijing,non-rumor
338,Official statement released by authorities,rumor
339,Breaking news event reported in Beijing,rumor
340,Breaking news event reported in Beijing,non-rumor
341,This is a rumor circulating online,non-rumor
342,This is a rumor circulating online,non-rumor
343,This is a rumor circulating online,rumor
344,This is a rumor circulating online,rumor
345,Breaking news event reported in Beijing,rumor
346,Unverified claim spreading rapidly,non-rumor
347,Unverified claim spreading rapidly,rumor
348,Official statement released by authorities,rumor
349,Unverified claim spreading rapidly,rumor
350,Check facts before sharing this post,rumor
351,Check facts before sharing this post,rumor
352,Breaking news event reported in Beijing,non-rumor
353,Breaking news event reported in Beijing,non-rumor
354,Check facts before sharing this post,rumor
355,Official statement released by authorities,non-rumor
356,Unverified claim spreading rapidly,non-rumor
357,Breaking news event reported in Beijing,rumor
358,Unverified claim spreading rapidly,non-rumor
359,Check facts before sharing this post,non-rumor
360,Official statement released by authorities,rumor
361,This is a rumor circulating online,non-rumor
362,Official statement released by authorities,non-rumor
363,Check facts before sharing this post,non-rumor
364,Official statement released by authorities,non-rumor
365,Unverified claim spreading rapidly,rumor
366,Breaking news event reported in Beijing,non-rumor
367,This is a rumor circulating online,rumor
368,Official statement released by authorities,non-rumor
369,Official statement released by authorities,non-rumor
370,Unverified claim spreading rapidly,rumor
371,Check facts before sharing this post,rumor
372,Breaking news event reported in Beijing,rumor
373,Check facts before sharing this post,non-rumor
374,Check facts before sharing this post,non-rumor
375,This is a rumor circulating online,rumor
376,Check facts before sharing this post,non-rumor
377,Unverified claim spreading rapidly,non-rumor
378,Unverified claim spreading rapidly,rumor
379,Check facts before sharing this post,rumor
380,Check facts before sharing this post,non-rumor
381,Breaking news event reported in Beijing,non-rumor
382,This is a rumor circulating online,non-rumor
383,Breaking news event reported in Beijing,rumor
384,This is a rumor circulating online,rumor
385,Official statement released by authorities,rumor
386,Unverified claim spreading rapidly,rumor
387,Unverified claim spreading rapidly,rumor
388,This is a rumor circulating online,non-rumor
389,This is a rumor circulating online,rumor
390,Official statement released by authorities,non-rumor
391,Check facts before sharing this post,non-rumor
392,This is a rumor circulating online,rumor
393,This is a rumor circulating online,non-rumor
394,Official statement released by authorities,rumor
395,This is a rumor circulating online,rumor
396,Breaking news event reported in Beijing,non-rumor
397,This is a rumor circulating online,non-rumor
398,Unverified claim spreading rapidly,rumor
399,Official statement released by authorities,rumor
400,Check facts before sharing this post,non-rumor
401,Check facts before sharing this post,rumor
402,This is a rumor circulating online,rumor
403,Unverified claim spreading rapidly,non-rumor
404,Check facts before sharing this post,non-rumor
405,Official statement released by authorities,non-rumor
406,Official statement released by authorities,rumor
407,This is a rumor circulating online,rumor
408,Breaking news event reported in Beijing,rumor
409,Unverified claim spreading rapidly,rumor
410,Check facts before sharing this post,rumor
411,Breaking news event reported in Beijing,rumor
412,Official statement released by authorities,non-rumor
413,Check facts before sharing this post,non-rumor
414,This is a rumor circulating online,non-rumor
415,This is a rumor circulating online,non-rumor
416,Official statement released by authorities,non-rumor
417,Unverified claim spreading rapidly,rumor
418,Official statement released by authorities,non-rumor
419,Unverified claim spreading rapidly,rumor
420,This is a rumor circulating online,non-rumor
421,Breaking news event reported in Beijing,non-rumor
422,Unverified claim spreading rapidly,rumor
423,Official statement released by authorities,non-rumor
424,Breaking news event reported in Beijing,non-rumor
425,Check facts before sharing this post,rumor
426,Breaking news event reported in Beijing,non-rumor
427,Breaking news event reported in Beijing,rumor
428,This is a rumor circulating online,rumor
429,Breaking news event reported in Beijing,non-rumor
430,Check facts before sharing this post,non-rumor
431,Official statement released by authorities,rumor
432,This is a rumor circulating online,rumor
433,This is a rumor circulating online,rumor
434,Unverified claim spreading rapidly,rumor
435,This is a rumor circulating online,non-rumor
436,Breaking news event reported in Beijing,rumor
437,Official statement released by authorities,non-rumor
438,Check facts before sharing this post,non-rumor
439,This is a rumor circulating online,rumor
440,Unverified claim spreading rapidly,rumor
441,This is a rumor circulating online,rumor
442,Official statement released by authorities,non-rumor
443,Official statement released by authorities,non-rumor
444,Official statement released by authorities,rumor
445,Official statement released by authorities,rumor
446,This is a rumor circulating online,rumor
447,Official statement released by authorities,non-rumor
448,Check facts before sharing this post,non-rumor
449,Breaking news event reported in Beijing,non-rumor
450,This is a rumor circulating online,rumor
451,Check facts before sharing this post,rumor
452,Breaking news event reported in Beijing,rumor
453,Check facts before sharing this post,non-rumor
454,Check facts before sharing this post,non-rumor
455,This is a rumor circulating online,rumor
456,Breaking news event reported in Beijing,non-rumor
457,This is a rumor circulating online,rumor
458,This is a rumor circulating online,non-rumor
459,Unverified claim spreading rapidly,rumor
460,Unverified claim spreading rapidly,non-rumor
461,Check facts before sharing this post,non-rumor
462,Official statement released by authorities,rumor
463,Unverified claim spreading rapidly,non-rumor
464,Check facts before sharing this post,non-rumor
465,Breaking news event reported in Beijing,non-rumor
466,Check facts before sharing this post,rumor
467,Official statement released by authorities,non-rumor
468,Unverified claim spreading rapidly,non-rumor
469,Official statement released by authorities,rumor
470,Breaking news event reported in Beijing,non-rumor
471,Official statement released by authorities,non-rumor
472,Breaking news event reported in Beijing,rumor
473,This is a rumor circulating online,rumor
474,This is a rumor circulating online,rumor
475,Breaking news event reported in Beijing,rumor
476,Breaking news event reported in Beijing,rumor
477,This is a rumor circulating online,rumor
478,Breaking news event reported in Beijing,rumor
479,This is a rumor circulating online,rumor
480,Unverified claim spreading rapidly,rumor
481,Unverified claim spreading rapidly,rumor
482,This is a rumor circulating online,non-rumor
483,Unverified claim spreading rapidly,non-rumor
484,Breaking news event reported in Beijing,rumor
485,This is a rumor circulating online,rumor
486,Official statement released by authorities,rumor
487,Check facts before sharing this post,rumor
488,This is a rumor circulating online,rumor
489,This is a rumor circulating online,non-rumor
490,This is a rumor circulating online,non-rumor
491,Breaking news event reported in Beijing,non-rumor
492,Check facts before sharing this post,non-rumor
493,This is a rumor circulating online,non-rumor
494,This is a rumor circulating online,rumor
495,Check facts before sharing this post,rumor
496,Unverified claim spreading rapidly,non-rumor
497,This is a rumor circulating online,rumor
498,Breaking news event reported in Beijing,non-rumor
499,Check facts before sharing this post,rumor
500,Check facts before sharing this post,non-rumor
501,Official statement released by authorities,rumor
502,Unverified claim spreading rapidly,non-rumor
503,Check facts before sharing this post,non-rumor
504,Check facts before sharing this post,non-rumor
505,Check facts before sharing this post,rumor
506,Unverified claim spreading rapidly,rumor
507,Unverified claim spreading rapidly,non-rumor
508,Breaking news event reported in Beijing,non-rumor
509,Breaking news event reported in Beijing,non-rumor
510,This is a rumor circulating online,rumor
511,Check facts before sharing this post,rumor
512,Official statement released by authorities,rumor
513,This is a rumor circulating online,rumor
514,Unverified claim spreading rapidly,non-rumor
515,Check facts before sharing this post,rumor
516,This is a rumor circulating online,rumor
517,This is a rumor circulating online,non-rumor
518,Breaking news event reported in Beijing,non-rumor
519,This is a rumor circulating online,rumor
520,Check facts before sharing this post,non-rumor
521,Check facts before sharing this post,rumor
522,This is a rumor circulating online,non-rumor
523,Unverified claim spreading rapidly,rumor
524,Official statement released by authorities,rumor
525,Unverified claim spreading rapidly,rumor
526,Check facts before sharing this post,rumor
527,Official statement released by authorities,non-rumor
528,Official statement released by authorities,rumor
529,Check facts before sharing this post,rumor
530,Official statement released by authorities,non-rumor
531,Official statement released by authorities,non-rumor
532,Breaking news event reported in Beijing,non-rumor
533,Check facts before sharing this post,rumor
534,Official statement released by authorities,rumor
535,This is a rumor circulating online,non-rumor
536,Breaking news event reported in Beijing,rumor
537,Unverified claim spreading rapidly,non-rumor
538,Check facts before sharing this post,non-rumor
539,This is a rumor circulating online,non-rumor
540,Check facts before sharing this post,non-rumor
541,Check facts before sharing this post,rumor
542,This is a rumor circulating online,rumor
543,Unverified claim spreading rapidly,rumor
544,Check facts before sharing this post,rumor
545,Check facts before sharing this post,non-rumor
546,Check facts before sharing this post,rumor
547,This is a rumor circulating online,non-rumor
548,Breaking news event reported in Beijing,non-rumor
549,Check facts before sharing this post,non-rumor
550,Check facts before sharing this post,rumor
551,Unverified claim spreading rapidly,rumor
552,This is a rumor circulating online,non-rumor
553,Breaking news event reported in Beijing,rumor
554,Unverified claim spreading rapidly,rumor
555,This is a rumor circulating online,non-rumor
556,This is a rumor circulating online,rumor
557,Breaking news event reported in Beijing,non-rumor
558,Official statement released by authorities,rumor
559,Unverified claim spreading rapidly,rumor
560,Breaking news event reported in Beijing,rumor
561,Check facts before sharing this post,non-rumor
562,This is a rumor circulating online,rumor
563,This is a rumor circulating online,non-rumor
564,Official statement released by authorities,rumor
565,Check facts before sharing this post,rumor
566,Breaking news event reported in Beijing,non-rumor
567,Unverified claim spreading rapidly,rumor
568,Unverified claim spreading rapidly,rumor
569,Official statement released by authorities,rumor
570,Check facts before sharing this post,non-rumor
571,This is a rumor circulating online,non-rumor
572,Check facts before sharing this post,rumor
573,Official statement released by authorities,rumor
574,This is a rumor circulating online,non-rumor
575,Official statement released by authorities,rumor
576,Breaking news event reported in Beijing,rumor
577,Unverified claim spreading rapidly,rumor
578,This is a rumor circulating online,non-rumor
579,This is a rumor circulating online,non-rumor
580,This is a rumor circulating online,non-rumor
581,Unverified claim spreading rapidly,rumor
582,Unverified claim spreading rapidly,non-rumor
583,This is a rumor circulating online,non-rumor
584,This is a rumor circulating online,non-rumor
585,Breaking news event reported in Beijing,rumor
586,Official statement released by authorities,rumor
587,Breaking news event reported in Beijing,rumor
588,Check facts before sharing this post,rumor
589,Check facts before sharing this post,rumor
590,Check facts before sharing this post,rumor
591,This is a rumor circulating online,rumor
592,Unverified claim spreading rapidly,rumor
593,Official statement released by authorities,rumor
594,Check facts before sharing this post,non-rumor
595,This is a rumor circulating online,non-rumor
596,Check facts before sharing this post,non-rumor
597,Breaking news event reported in Beijing,non-rumor
598,Breaking news event reported in Beijing,rumor
599,Check facts before sharing this post,non-rumor
600,Official statement released by authorities,non-rumor
601,Breaking news event reported in Beijing,rumor
602,Check facts before sharing this post,rumor
603,This is a rumor circulating online,non-rumor
604,Unverified claim spreading rapidly,rumor
605,Breaking news event reported in Beijing,non-rumor
606,This is a rumor circulating online,rumor
607,Unverified claim spreading rapidly,rumor
608,Unverified claim spreading rapidly,non-rumor
609,Check facts before sharing this post,non-rumor
610,Official statement released by authorities,non-rumor
611,Unverified claim spreading rapidly,non-rumor
612,Check facts before sharing this post,rumor
613,Official statement released by authorities,non-rumor
614,Breaking news event reported in Beijing,rumor
615,Check facts before sharing this post,non-rumor
616,Unverified claim spreading rapidly,rumor
617,This is a rumor circulating online,non-rumor
618,This is a rumor circulating online,non-rumor
619,Official statement released by authorities,non-rumor
620,Official statement released by authorities,non-rumor
621,Official statement released by authorities,rumor
622,Check facts before sharing this post,non-rumor
623,Unverified claim spreading rapidly,non-rumor
624,This is a rumor circulating online,non-rumor
625,Unverified claim spreading rapidly,non-rumor
626,This is a rumor circulating online,rumor
627,This is a rumor circulating online,non-rumor
628,Unverified claim spreading rapidly,rumor
629,This is a rumor circulating online,non-rumor
630,Breaking news event reported in Beijing,non-rumor
631,Breaking news event reported in Beijing,non-rumor
632,Official statement released by authorities,non-rumor
633,Unverified claim spreading rapidly,non-rumor
634,This is a rumor circulating online,non-rumor
635,Breaking news event reported in Beijing,rumor
636,This is a rumor circulating online,rumor
637,Check facts before sharing this post,non-rumor
638,Official statement released by authorities,rumor
639,Check facts before sharing this post,non-rumor
640,Official statement released by authorities,rumor
641,Breaking news event reported in Beijing,rumor
642,Official statement released by authorities,rumor
643,Check facts before sharing this post,rumor
644,Check facts before sharing this post,rumor
645,Check facts before sharing this post,rumor
646,Breaking news event reported in Beijing,non-rumor
647,Breaking news event reported in Beijing,rumor
648,Unverified claim spreading rapidly,rumor
649,Unverified claim spreading rapidly,rumor
650,Official statement released by authorities,rumor
651,Check facts before sharing this post,non-rumor
652,Unverified claim spreading rapidly,rumor
653,Breaking news event reported in Beijing,non-rumor
654,Breaking news event reported in Beijing,non-rumor
655,Breaking news event reported in Beijing,non-rumor
656,Official statement released by authorities,rumor
657,Official statement released by authorities,non-rumor
658,Check facts before sharing this post,rumor
659,This is a rumor circulating online,non-rumor
660,Breaking news event reported in Beijing,rumor
661,Official statement released by authorities,non-rumor
662,This is a rumor circulating online,rumor
663,Official statement released by authorities,rumor
664,Check facts before sharing this post,rumor
665,Breaking news event reported in Beijing,non-rumor
666,This is a rumor circulating online,rumor
667,Check facts before sharing this post,rumor
668,This is a rumor circulating online,rumor
669,Unverified claim spreading rapidly,non-rumor
670,This is a rumor circulating online,rumor
671,Breaking news event reported in Beijing,rumor
672,Check facts before sharing this post,non-rumor
673,This is a rumor circulating online,rumor
674,Check facts before sharing this post,rumor
675,Breaking news event reported in Beijing,non-rumor
676,Check facts before sharing this post,non-rumor
677,Check facts before sharing this post,rumor
678,Breaking news event reported in Beijing,non-rumor
679,Official statement released by authorities,non-rumor
680,Check facts before sharing this post,rumor
681,Check facts before sharing this post,non-rumor
682,Official statement released by authorities,non-rumor
683,Check facts before sharing this post,rumor
684,Breaking news event reported in Beijing,non-rumor
685,Official statement released by authorities,rumor
686,This is a rumor circulating online,rumor
687,Official statement released by authorities,rumor
688,Official statement released by authorities,non-rumor
689,Breaking news event reported in Beijing,rumor
690,This is a rumor circulating online,non-rumor
691,Unverified claim spreading rapidly,non-rumor
692,Unverified claim spreading rapidly,non-rumor
693,Unverified claim spreading rapidly,rumor
694,Breaking news event reported in Beijing,rumor
695,Official statement released by authorities,non-rumor
696,Check facts before sharing this post,rumor
697,Breaking news event reported in Beijing,rumor
698,Check facts before sharing this post,non-rumor
699,Official statement released by authorities,rumor
700,Unverified claim spreading rapidly,non-rumor
701,Check facts before sharing this post,rumor
702,Unverified claim spreading rapidly,rumor
703,Check facts before sharing this post,non-rumor
704,This is a rumor circulating online,rumor
705,This is a rumor circulating online,non-rumor
706,Breaking news event reported in Beijing,rumor
707,This is a rumor circulating online,rumor
708,Unverified claim spreading rapidly,non-rumor
709,Breaking news event reported in Beijing,rumor
710,Unverified claim spreading rapidly,rumor
711,Unverified claim spreading rapidly,rumor
712,Breaking news event reported in Beijing,rumor
713,Check facts before sharing this post,rumor
714,Breaking news event reported in Beijing,non-rumor
715,Official statement released by authorities,rumor
716,Unverified claim spreading rapidly,non-rumor
717,Check facts before sharing this post,rumor
718,This is a rumor circulating online,rumor
719,Check facts before sharing this post,rumor
720,This is a rumor circulating online,non-rumor
721,Breaking news event reported in Beijing,rumor
722,Breaking news event reported in Beijing,non-rumor
723,Check facts before sharing this post,non-rumor
724,Official statement released by authorities,rumor
725,Check facts before sharing this post,rumor
726,This is a rumor circulating online,rumor
727,Unverified claim spreading rapidly,rumor
728,Unverified claim spreading rapidly,rumor
729,Official statement released by authorities,rumor
730,Check facts before sharing this post,rumor
731,Unverified claim spreading rapidly,non-rumor
732,Breaking news event reported in Beijing,rumor
733,Official statement released by authorities,non-rumor
734,Check facts before sharing this post,rumor
735,Official statement released by authorities,rumor
736,This is a rumor circulating online,rumor
737,Official statement released by authorities,non-rumor
738,This is a rumor circulating online,non-rumor
739,Breaking news event reported in Beijing,non-rumor
740,Official statement released by authorities,rumor
741,Check facts before sharing this post,non-rumor
742,This is a rumor circulating online,non-rumor
743,This is a rumor circulating online,non-rumor
744,This is a rumor circulating online,rumor
745,Unverified claim spreading rapidly,non-rumor
746,Official statement released by authorities,rumor
747,Breaking news event reported in Beijing,rumor
748,This is a rumor circulating online,non-rumor
749,Check facts before sharing this post,rumor
750,Breaking news event reported in Beijing,rumor
751,Unverified claim spreading rapidly,non-rumor
752,Breaking news event reported in Beijing,rumor
753,Breaking news event reported in Beijing,rumor
754,Official statement released by authorities,rumor
755,Official statement released by authorities,rumor
756,Breaking news event reported in Beijing,non-rumor
757,Check facts before sharing this post,non-rumor
758,Check facts before sharing this post,rumor
759,Check facts before sharing this post,non-rumor
760,Official statement released by authorities,rumor
761,Check facts before sharing this post,non-rumor
762,Breaking news event reported in Beijing,rumor
763,Official statement released by authorities,rumor
764,Breaking news event reported in Beijing,non-rumor
765,This is a rumor circulating online,non-rumor
766,Check facts before sharing this post,non-rumor
767,Official statement released by authorities,rumor
768,Breaking news event reported in Beijing,non-rumor
769,Check facts before sharing this post,non-rumor
770,This is a rumor circulating online,non-rumor
771,Unverified claim spreading rapidly,non-rumor
772,Unverified claim spreading rapidly,non-rumor
773,Breaking news event reported in Beijing,rumor
774,Unverified claim spreading rapidly,rumor
775,Official statement released by authorities,rumor
776,Check facts before sharing this post,rumor
777,Check facts before sharing this post,rumor
778,Unverified claim spreading rapidly,rumor
779,Check facts before sharing this post,non-rumor
780,Official statement released by authorities,rumor
781,Check facts before sharing this post,rumor
782,Check facts before sharing this post,non-rumor
783,Official statement released by authorities,non-rumor
784,This is a rumor circulating online,rumor
785,Unverified claim spreading rapidly,non-rumor
786,Breaking news event reported in Beijing,rumor
787,Official statement released by authorities,non-rumor
788,Official statement released by authorities,rumor
789,This is a rumor circulating online,non-rumor
790,Breaking news event reported in Beijing,rumor
791,Unverified claim spreading rapidly,non-rumor
792,Official statement released by authorities,non-rumor
793,Breaking news event reported in Beijing,non-rumor
794,Check facts before sharing this post,non-rumor
795,Unverified claim spreading rapidly,rumor
796,This is a rumor circulating online,non-rumor
797,Unverified claim spreading rapidly,non-rumor
798,Unverified claim spreading rapidly,non-rumor
799,Official statement released by authorities,rumor
800,Unverified claim spreading rapidly,non-rumor
801,This is a rumor circulating online,rumor
802,Breaking news event reported in Beijing,non-rumor
803,This is a rumor circulating online,non-rumor
804,Official statement released by authorities,rumor
805,Breaking news event reported in Beijing,non-rumor
806,Unverified claim spreading rapidly,rumor
807,This is a rumor circulating online,rumor
808,This is a rumor circulating online,rumor
809,Breaking news event reported in Beijing,non-rumor
810,This is a rumor circulating online,rumor
811,Unverified claim spreading rapidly,non-rumor
812,Check facts before sharing this post,non-rumor
813,Official statement released by authorities,rumor
814,Unverified claim spreading rapidly,rumor
815,This is a rumor circulating online,rumor
816,This is a rumor circulating online,non-rumor
817,Breaking news event reported in Beijing,non-rumor
818,Breaking news event reported in Beijing,non-rumor
819,Unverified claim spreading rapidly,non-rumor
820,This is a rumor circulating online,non-rumor
821,Unverified claim spreading rapidly,non-rumor
822,Unverified claim spreading rapidly,rumor
823,Breaking news event reported in Beijing,non-rumor
824,Breaking news event reported in Beijing,non-rumor
825,Breaking news event reported in Beijing,rumor
826,Breaking news event reported in Beijing,rumor
827,Breaking news event reported in Beijing,rumor
828,Check facts before sharing this post,rumor
829,Official statement released by authorities,non-rumor
830,Unverified claim spreading rapidly,rumor
831,Check facts before sharing this post,non-rumor
832,Official statement released by authorities,rumor
833,Breaking news event reported in Beijing,non-rumor
834,Official statement released by authorities,non-rumor
835,Unverified claim spreading rapidly,rumor
836,Check facts before sharing this post,non-rumor
837,This is a rumor circulating online,non-rumor
838,Official statement released by authorities,non-rumor
839,Breaking news event reported in Beijing,non-rumor
840,Check facts before sharing this post,rumor
841,Unverified claim spreading rapidly,non-rumor
842,Check facts before sharing this post,non-rumor
843,Official statement released by authorities,non-rumor
844,Check facts before sharing this post,rumor
845,Breaking news event reported in Beijing,non-rumor
846,Breaking news event reported in Beijing,non-rumor
847,Breaking news event reported in Beijing,rumor
848,Unverified claim spreading rapidly,rumor
849,Official statement released by authorities,non-rumor
850,This is a rumor circulating online,rumor
851,Breaking news event reported in Beijing,non-rumor
852,Unverified claim spreading rapidly,rumor
853,Unverified claim spreading rapidly,non-rumor
854,Breaking news event reported in Beijing,non-rumor
855,This is a rumor circulating online,rumor
856,Unverified claim spreading rapidly,non-rumor
857,Official statement released by authorities,rumor
858,Breaking news event reported in Beijing,non-rumor
859,Unverified claim spreading rapidly,rumor
860,Check facts before sharing this post,rumor
861,Unverified claim spreading rapidly,non-rumor
862,Check facts before sharing this post,non-rumor
863,This is a rumor circulating online,non-rumor
864,Check facts before sharing this post,rumor
865,Check facts before sharing this post,non-rumor
866,Breaking news event reported in Beijing,non-rumor
867,Official statement released by authorities,rumor
868,Official statement released by authorities,rumor
869,This is a rumor circulating online,rumor
870,Official statement released by authorities,rumor
871,This is a rumor circulating online,rumor
872,Unverified claim spreading rapidly,non-rumor
873,Check facts before sharing this post,rumor
874,Unverified claim spreading rapidly,rumor
875,Breaking news event reported in Beijing,rumor
876,This is a rumor circulating online,rumor
877,Unverified claim spreading rapidly,non-rumor
878,Unverified claim spreading rapidly,rumor
879,This is a rumor circulating online,non-rumor
880,Official statement released by authorities,non-rumor
881,Official statement released by authorities,non-rumor
882,Official statement released by authorities,rumor
883,Check facts before sharing this post,non-rumor
884,Unverified claim spreading rapidly,non-rumor
885,Official statement released by authorities,rumor
886,This is a rumor circulating online,non-rumor
887,Breaking news event reported in Beijing,rumor
888,Check facts before sharing this post,non-rumor
889,Unverified claim spreading rapidly,rumor
890,Official statement released by authorities,rumor
891,Unverified claim spreading rapidly,non-rumor
892,Breaking news event reported in Beijing,non-rumor
893,Unverified claim spreading rapidly,non-rumor
894,Breaking news event reported in Beijing,non-rumor
895,Official statement released by authorities,non-rumor
896,This is a rumor circulating online,non-rumor
897,Official statement released by authorities,rumor
898,Unverified claim spreading rapidly,rumor
899,Breaking news event reported in Beijing,non-rumor
900,This is a rumor circulating online,non-rumor
901,This is a rumor circulating online,non-rumor
902,Unverified claim spreading rapidly,non-rumor
903,Official statement released by authorities,rumor
904,Unverified claim spreading rapidly,non-rumor
905,Check facts before sharing this post,non-rumor
906,Unverified claim spreading rapidly,non-rumor
907,Unverified claim spreading rapidly,rumor
908,Breaking news event reported in Beijing,non-rumor
909,This is a rumor circulating online,rumor
910,Official statement released by authorities,non-rumor
911,This is a rumor circulating online,non-rumor
912,Breaking news event reported in Beijing,rumor
913,This is a rumor circulating online,non-rumor
914,Breaking news event reported in Beijing,non-rumor
915,Unverified claim spreading rapidly,rumor
916,This is a rumor circulating online,non-rumor
917,Breaking news event reported in Beijing,rumor
918,Breaking news event reported in Beijing,non-rumor
919,Breaking news event reported in Beijing,rumor
920,Unverified claim spreading rapidly,rumor
921,Check facts before sharing this post,rumor
922,Breaking news event reported in Beijing,rumor
923,Check facts before sharing this post,non-rumor
924,This is a rumor circulating online,non-rumor
925,This is a rumor circulating online,rumor
926,This is a rumor circulating online,rumor
927,Unverified claim spreading rapidly,non-rumor
928,Breaking news event reported in Beijing,rumor
929,Official statement released by authorities,non-rumor
930,Breaking news event reported in Beijing,rumor
931,Unverified claim spreading rapidly,rumor
932,Check facts before sharing this post,non-rumor
933,This is a rumor circulating online,non-rumor
934,This is a rumor circulating online,rumor
935,Unverified claim spreading rapidly,non-rumor
936,This is a rumor circulating online,rumor
937,Check facts before sharing this post,non-rumor
938,Breaking news event reported in Beijing,non-rumor
939,This is a rumor circulating online,rumor
940,This is a rumor circulating online,rumor
941,Official statement released by authorities,rumor
942,Breaking news event reported in Beijing,rumor
943,Official statement released by authorities,non-rumor
944,Official statement released by authorities,non-rumor
945,This is a rumor circulating online,non-rumor
946,Breaking news event reported in Beijing,rumor
947,Check facts before sharing this post,rumor
948,This is a rumor circulating online,rumor
949,This is a rumor circulating online,rumor
950,Breaking news event reported in Beijing,rumor
951,Check facts before sharing this post,non-rumor
952,This is a rumor circulating online,rumor
953,Breaking news event reported in Beijing,non-rumor
954,This is a rumor circulating online,rumor
955,Check facts before sharing this post,rumor
956,Official statement released by authorities,non-rumor
957,This is a rumor circulating online,non-rumor
958,Official statement released by authorities,rumor
959,Check facts before sharing this post,rumor
960,Breaking news event reported in Beijing,rumor
961,Unverified claim spreading rapidly,non-rumor
962,Check facts before sharing this post,non-rumor
963,Breaking news event reported in Beijing,rumor
964,Unverified claim spreading rapidly,rumor
965,Official statement released by authorities,rumor
966,Unverified claim spreading rapidly,rumor
967,Official statement released by authorities,rumor
968,Official statement released by authorities,rumor
969,Breaking news event reported in Beijing,rumor
970,Breaking news event reported in Beijing,rumor
971,Check facts before sharing this post,rumor
972,Unverified claim spreading rapidly,rumor
973,This is a rumor circulating online,non-rumor
974,Breaking news event reported in Beijing,non-rumor
975,Check facts before sharing this post,rumor
976,Check facts before sharing this post,rumor
977,Breaking news event reported in Beijing,rumor
978,Breaking news event reported in Beijing,rumor
979,Check facts before sharing this post,rumor
980,This is a rumor circulating online,rumor
981,Breaking news event reported in Beijing,rumor
982,This is a rumor circulating online,rumor
983,Unverified claim spreading rapidly,non-rumor
984,Unverified claim spreading rapidly,rumor
985,Check facts before sharing this post,non-rumor
986,This is a rumor circulating online,non-rumor
987,This is a rumor circulating online,rumor
988,Check facts before sharing this post,rumor
989,Breaking news event reported in Beijing,rumor
990,This is a rumor circulating online,non-rumor
991,Check facts before sharing this post,rumor
992,Official statement released by authorities,rumor
993,Unverified claim spreading rapidly,non-rumor
994,Official statement released by authorities,non-rumor
995,This is a rumor circulating online,non-rumor
996,Check facts before sharing this post,non-rumor
997,This is a rumor circulating online,rumor
998,Breaking news event reported in Beijing,non-rumor
999,Breaking news event reported in Beijing,non-rumor
1000,This is a rumor circulating online,non-rumor
1001,Official statement released by authorities,non-rumor
1002,Check facts before sharing this post,non-rumor
1003,Official statement released by authorities,non-rumor
1004,Unverified claim spreading rapidly,non-rumor
1005,Unverified claim spreading rapidly,rumor
1006,Breaking news event reported in Beijing,rumor
1007,Unverified claim spreading rapidly,non-rumor
1008,Breaking news event reported in Beijing,non-rumor
1009,Breaking news event reported in Beijing,rumor
1010,Breaking news event reported in Beijing,non-rumor
1011,Check facts before sharing this post,non-rumor
1012,Check facts before sharing this post,non-rumor
1013,Breaking news event reported in Beijing,rumor
1014,Unverified claim spreading rapidly,non-rumor
1015,Check facts before sharing this post,rumor
1016,Unverified claim spreading rapidly,rumor
1017,Official statement released by authorities,non-rumor
1018,Breaking news event reported in Beijing,rumor
1019,This is a rumor circulating online,non-rumor
1020,Official statement released by authorities,non-rumor
1021,Official statement released by authorities,rumor
1022,Unverified claim spreading rapidly,rumor
1023,Unverified claim spreading rapidly,rumor
1024,Breaking news event reported in Beijing,rumor
1025,This is a rumor circulating online,rumor
1026,Breaking news event reported in Beijing,rumor
1027,Breaking news event reported in Beijing,non-rumor
1028,Breaking news event reported in Beijing,non-rumor
1029,Unverified claim spreading rapidly,non-rumor
1030,This is a rumor circulating online,rumor
1031,Breaking news event reported in Beijing,rumor
1032,Check facts before sharing this post,rumor
1033,Check facts before sharing this post,rumor
1034,Unverified claim spreading rapidly,rumor
1035,Unverified claim spreading rapidly,rumor
1036,Unverified claim spreading rapidly,rumor
1037,Breaking news event reported in Beijing,rumor
1038,Check facts before sharing this post,non-rumor
1039,This is a rumor circulating online,non-rumor
1040,Check facts before sharing this post,rumor
1041,Breaking news event reported in Beijing,rumor
1042,Unverified claim spreading rapidly,rumor
1043,This is a rumor circulating online,non-rumor
1044,Breaking news event reported in Beijing,non-rumor
1045,Check facts before sharing this post,non-rumor
1046,Official statement released by authorities,non-rumor
1047,Breaking news event reported in Beijing,rumor
1048,Official statement released by authorities,non-rumor
1049,Breaking news event reported in Beijing,non-rumor
1050,Breaking news event reported in Beijing,non-rumor
1051,This is a rumor circulating online,rumor
1052,Official statement released by authorities,rumor
1053,This is a rumor circulating online,non-rumor
1054,This is a rumor circulating online,non-rumor
1055,Breaking news event reported in Beijing,non-rumor
1056,This is a rumor circulating online,rumor
1057,Unverified claim spreading rapidly,non-rumor
1058,Check facts before sharing this post,non-rumor
1059,This is a rumor circulating online,rumor
1060,Official statement released by authorities,rumor
1061,Official statement released by authorities,non-rumor
1062,This is a rumor circulating online,non-rumor
1063,Official statement released by authorities,non-rumor
1064,This is a rumor circulating online,rumor
1065,Unverified claim spreading rapidly,non-rumor
1066,Check facts before sharing this post,non-rumor
1067,Check facts before sharing this post,rumor
1068,Breaking news event reported in Beijing,rumor
1069,Official statement released by authorities,non-rumor
1070,Breaking news event reported in Beijing,rumor
1071,This is a rumor circulating online,non-rumor
1072,Check facts before sharing this post,non-rumor
1073,Breaking news event reported in Beijing,rumor
1074,Check facts before sharing this post,rumor
1075,Official statement released by authorities,non-rumor
1076,Official statement released by authorities,non-rumor
1077,Breaking news event reported in Beijing,rumor
1078,Unverified claim spreading rapidly,non-rumor
1079,Breaking news event reported in Beijing,non-rumor
1080,Unverified claim spreading rapidly,non-rumor
1081,Check facts before sharing this post,rumor
1082,Unverified claim spreading rapidly,rumor
1083,Official statement released by authorities,rumor
1084,Check facts before sharing this post,non-rumor
1085,Breaking news event reported in Beijing,non-rumor
1086,Check facts before sharing this post,rumor
1087,Breaking news event reported in Beijing,non-rumor
1088,This is a rumor circulating online,non-rumor
1089,Breaking news event reported in Beijing,non-rumor
1090,Breaking news event reported in Beijing,non-rumor
1091,Check facts before sharing this post,non-rumor
1092,Unverified claim spreading rapidly,non-rumor
1093,This is a rumor circulating online,rumor
1094,Unverified claim spreading rapidly,non-rumor
1095,Unverified claim spreading rapidly,non-rumor
1096,Check facts before sharing this post,non-rumor
1097,Breaking news event reported in Beijing,non-rumor
1098,This is a rumor circulating online,non-rumor
1099,Breaking news event reported in Beijing,rumor
1100,Breaking news event reported in Beijing,non-rumor
1101,Official statement released by authorities,rumor
1102,Breaking news event reported in Beijing,rumor
1103,Check facts before sharing this post,rumor
1104,Breaking news event reported in Beijing,rumor
1105,This is a rumor circulating online,non-rumor
1106,Breaking news event reported in Beijing,rumor
1107,Breaking news event reported in Beijing,rumor
1108,Breaking news event reported in Beijing,rumor
1109,Breaking news event reported in Beijing,non-rumor
1110,This is a rumor circulating online,rumor
1111,Check facts before sharing this post,non-rumor
1112,Official statement released by authorities,non-rumor
1113,Breaking news event reported in Beijing,rumor
1114,Check facts before sharing this post,rumor
1115,This is a rumor circulating online,rumor
1116,Check facts before sharing this post,non-rumor
1117,Breaking news event reported in Beijing,non-rumor
1118,This is a rumor circulating online,non-rumor
1119,Official statement released by authorities,non-rumor
1120,Official statement released by authorities,non-rumor
1121,Unverified claim spreading rapidly,non-rumor
1122,Official statement released by authorities,non-rumor
1123,Official statement released by authorities,rumor
1124,This is a rumor circulating online,rumor
1125,This is a rumor circulating online,non-rumor
1126,Check facts before sharing this post,rumor
1127,Breaking news event reported in Beijing,rumor
1128,This is a rumor circulating online,rumor
1129,This is a rumor circulating online,non-rumor
1130,Official statement released by authorities,non-rumor
1131,Check facts before sharing this post,non-rumor
1132,Check facts before sharing this post,rumor
1133,Breaking news event reported in Beijing,non-rumor
1134,Unverified claim spreading rapidly,non-rumor
1135,This is a rumor circulating online,rumor
1136,Check facts before sharing this post,non-rumor
1137,This is a rumor circulating online,non-rumor
1138,Official statement released by authorities,non-rumor
1139,This is a rumor circulating online,non-rumor
1140,Official statement released by authorities,rumor
1141,Official statement released by authorities,non-rumor
1142,This is a rumor circulating online,non-rumor
1143,Unverified claim spreading rapidly,non-rumor
1144,This is a rumor circulating online,non-rumor
1145,This is a rumor circulating online,rumor
1146,Breaking news event reported in Beijing,non-rumor
1147,This is a rumor circulating online,non-rumor
1148,Check facts before sharing this post,rumor
1149,Unverified claim spreading rapidly,rumor
1150,Breaking news event reported in Beijing,non-rumor
1151,Breaking news event reported in Beijing,rumor
1152,This is a rumor circulating online,rumor
1153,This is a rumor circulating online,non-rumor
1154,Unverified claim spreading rapidly,rumor
1155,Check facts before sharing this post,non-rumor
1156,This is a rumor circulating online,rumor
1157,Breaking news event reported in Beijing,non-rumor
1158,Unverified claim spreading rapidly,non-rumor
1159,Official statement released by authorities,non-rumor
1160,Official statement released by authorities,rumor
1161,Unverified claim spreading rapidly,rumor
1162,This is a rumor circulating online,non-rumor
1163,Breaking news event reported in Beijing,non-rumor
1164,Breaking news event reported in Beijing,rumor
1165,Breaking news event reported in Beijing,rumor
1166,Check facts before sharing this post,non-rumor
1167,Unverified claim spreading rapidly,non-rumor
1168,Official statement released by authorities,rumor
1169,Unverified claim spreading rapidly,non-rumor
1170,Unverified claim spreading rapidly,non-rumor
1171,Check facts before sharing this post,non-rumor
1172,Breaking news event reported in Beijing,rumor
1173,Official statement released by authorities,non-rumor
1174,This is a rumor circulating online,rumor
1175,Check facts before sharing this post,rumor
1176,Check facts before sharing this post,rumor
1177,Check facts before sharing this post,non-rumor
1178,Breaking news event reported in Beijing,rumor
1179,Unverified claim spreading rapidly,rumor
1180,Unverified claim spreading rapidly,non-rumor
1181,Official statement released by authorities,non-rumor
1182,Official statement released by authorities,rumor
1183,Unverified claim spreading rapidly,rumor
1184,This is a rumor circulating online,rumor
1185,This is a rumor circulating online,non-rumor
1186,Breaking news event reported in Beijing,rumor
1187,Breaking news event reported in Beijing,rumor
1188,Unverified claim spreading rapidly,non-rumor
1189,Unverified claim spreading rapidly,non-rumor
1190,Check facts before sharing this post,rumor
1191,Unverified claim spreading rapidly,rumor
1192,Breaking news event reported in Beijing,non-rumor
1193,This is a rumor circulating online,non-rumor
1194,Unverified claim spreading rapidly,rumor
1195,This is a rumor circulating online,non-rumor
1196,Check facts before sharing this post,non-rumor
1197,Unverified claim spreading rapidly,non-rumor
1198,Breaking news event reported in Beijing,rumor
1199,Check facts before sharing this post,rumor
1200,Unverified claim spreading rapidly,rumor
1201,Official statement released by authorities,non-rumor
1202,Breaking news event reported in Beijing,rumor
1203,This is a rumor circulating online,rumor
1204,Check facts before sharing this post,rumor
1205,Unverified claim spreading rapidly,non-rumor
1206,Unverified claim spreading rapidly,non-rumor
1207,Official statement released by authorities,rumor
1208,Official statement released by authorities,non-rumor
1209,This is a rumor circulating online,rumor
1210,Check facts before sharing this post,rumor
1211,Unverified claim spreading rapidly,non-rumor
1212,This is a rumor circulating online,rumor
1213,This is a rumor circulating online,rumor
1214,Unverified claim spreading rapidly,rumor
1215,Check facts before sharing this post,non-rumor
1216,Official statement released by authorities,non-rumor
1217,Breaking news event reported in Beijing,rumor
1218,Breaking news event reported in Beijing,non-rumor
1219,Unverified claim spreading rapidly,non-rumor
1220,Check facts before sharing this post,rumor
1221,This is a rumor circulating online,rumor
1222,This is a rumor circulating online,non-rumor
1223,Breaking news event reported in Beijing,rumor
1224,Official statement released by authorities,rumor
1225,This is a rumor circulating online,non-rumor
1226,Unverified claim spreading rapidly,non-rumor
1227,This is a rumor circulating online,non-rumor
1228,Official statement released by authorities,rumor
1229,Breaking news event reported in Beijing,non-rumor
1230,This is a rumor circulating online,rumor
1231,Breaking news event reported in Beijing,rumor
1232,Official statement released by authorities,rumor
1233,Unverified claim spreading rapidly,non-rumor
1234,Check facts before sharing this post,rumor
1235,Check facts before sharing this post,non-rumor
1236,Official statement released by authorities,rumor
1237,This is a rumor circulating online,rumor
1238,Check facts before sharing this post,non-rumor
1239,Check facts before sharing this post,non-rumor
1240,Breaking news event reported in Beijing,rumor
1241,Check facts before sharing this post,rumor
1242,Check facts before sharing this post,rumor
1243,Official statement released by authorities,non-rumor
1244,This is a rumor circulating online,non-rumor
1245,Check facts before sharing this post,rumor
1246,Unverified claim spreading rapidly,rumor
1247,Check facts before sharing this post,non-rumor
1248,Unverified claim spreading rapidly,rumor
1249,Unverified claim spreading rapidly,rumor
1250,Check facts before sharing this post,rumor
1251,Unverified claim spreading rapidly,non-rumor
1252,Check facts before sharing this post,non-rumor
1253,Official statement released by authorities,non-rumor
1254,Breaking news event reported in Beijing,non-rumor
1255,This is a rumor circulating online,rumor
1256,This is a rumor circulating online,non-rumor
1257,Breaking news event reported in Beijing,rumor
1258,Unverified claim spreading rapidly,non-rumor
1259,Official statement released by authorities,rumor
1260,Check facts before sharing this post,rumor
1261,Check facts before sharing this post,rumor
1262,Official statement released by authorities,non-rumor
1263,Unverified claim spreading rapidly,rumor
1264,Check facts before sharing this post,rumor
1265,This is a rumor circulating online,rumor
1266,Breaking news event reported in Beijing,rumor
1267,Unverified claim spreading rapidly,rumor
1268,Unverified claim spreading rapidly,non-rumor
1269,This is a rumor circulating online,rumor
1270,Unverified claim spreading rapidly,non-rumor
1271,This is a rumor circulating online,rumor
1272,Official statement released by authorities,non-rumor
1273,Check facts before sharing this post,non-rumor
1274,Unverified claim spreading rapidly,non-rumor
1275,Check facts before sharing this post,non-rumor
1276,Official statement released by authorities,rumor
1277,Official statement released by authorities,rumor
1278,This is a rumor circulating online,non-rumor
1279,Check facts before sharing this post,non-rumor
1280,Check facts before sharing this post,non-rumor
1281,Unverified claim spreading rapidly,rumor
1282,Official statement released by authorities,non-rumor
1283,Check facts before sharing this post,rumor
1284,Unverified claim spreading rapidly,rumor
1285,Check facts before sharing this post,non-rumor
1286,Breaking news event reported in Beijing,non-rumor
1287,Unverified claim spreading rapidly,non-rumor
1288,Official statement released by authorities,rumor
1289,This is a rumor circulating online,non-rumor
1290,Official statement released by authorities,non-rumor
1291,Breaking news event reported in Beijing,non-rumor
1292,Check facts before sharing this post,non-rumor
1293,Official statement released by authorities,rumor
1294,Check facts before sharing this post,rumor
1295,Check facts before sharing this post,rumor
1296,Breaking news event reported in Beijing,non-rumor
1297,Unverified claim spreading rapidly,rumor
1298,Breaking news event reported in Beijing,rumor
1299,Check facts before sharing this post,non-rumor
1300,Official statement released by authorities,non-rumor
1301,Unverified claim spreading rapidly,rumor
1302,Unverified claim spreading rapidly,rumor
1303,Check facts before sharing this post,rumor
1304,This is a rumor circulating online,non-rumor
1305,This is a rumor circulating online,non-rumor
1306,Check facts before sharing this post,rumor
1307,This is a rumor circulating online,non-rumor
1308,Check facts before sharing this post,non-rumor
1309,This is a rumor circulating online,non-rumor
1310,Breaking news event reported in Beijing,rumor
1311,Breaking news event reported in Beijing,rumor
1312,Official statement released by authorities,non-rumor
1313,This is a rumor circulating online,rumor
1314,Check facts before sharing this post,non-rumor
1315,This is a rumor circulating online,non-rumor
1316,Unverified claim spreading rapidly,non-rumor
1317,Check facts before sharing this post,rumor
1318,Breaking news event reported in Beijing,non-rumor
1319,Breaking news event reported in Beijing,rumor
1320,Breaking news event reported in Beijing,rumor
1321,This is a rumor circulating online,non-rumor
1322,Official statement released by authorities,non-rumor
1323,Unverified claim spreading rapidly,rumor
1324,This is a rumor circulating online,rumor
1325,Breaking news event reported in Beijing,rumor
1326,Unverified claim spreading rapidly,rumor
1327,Check facts before sharing this post,non-rumor
1328,Breaking news event reported in Beijing,rumor
1329,This is a rumor circulating online,non-rumor
1330,Breaking news event reported in Beijing,rumor
1331,Breaking news event reported in Beijing,non-rumor
1332,Unverified claim spreading rapidly,rumor
1333,Breaking news event reported in Beijing,non-rumor
1334,Official statement released by authorities,non-rumor
1335,Unverified claim spreading rapidly,non-rumor
1336,Check facts before sharing this post,rumor
1337,This is a rumor circulating online,non-rumor
1338,Official statement released by authorities,non-rumor
1339,This is a rumor circulating online,non-rumor
1340,Official statement released by authorities,rumor
1341,Official statement released by authorities,non-rumor
1342,Breaking news event reported in Beijing,rumor
1343,Breaking news event reported in Beijing,rumor
1344,Check facts before sharing this post,rumor
1345,Unverified claim spreading rapidly,non-rumor
1346,Unverified claim spreading rapidly,non-rumor
1347,This is a rumor circulating online,non-rumor
1348,Unverified claim spreading rapidly,non-rumor
1349,Unverified claim spreading rapidly,non-rumor
1350,Check facts before sharing this post,non-rumor
1351,This is a rumor circulating online,rumor
1352,Unverified claim spreading rapidly,rumor
1353,This is a rumor circulating online,non-rumor
1354,Check facts before sharing this post,rumor
1355,Official statement released by authorities,non-rumor
1356,Unverified claim spreading rapidly,rumor
1357,Breaking news event reported in Beijing,non-rumor
1358,Unverified claim spreading rapidly,non-rumor
1359,Unverified claim spreading rapidly,rumor
1360,Unverified claim spreading rapidly,non-rumor
1361,Official statement released by authorities,rumor
1362,This is a rumor circulating online,non-rumor
1363,This is a rumor circulating online,non-rumor
1364,Official statement released by authorities,rumor
1365,Breaking news event reported in Beijing,non-rumor
1366,This is a rumor circulating online,rumor
1367,Check facts before sharing this post,non-rumor
1368,This is a rumor circulating online,rumor
1369,Breaking news event reported in Beijing,non-rumor
1370,Unverified claim spreading rapidly,non-rumor
1371,Check facts before sharing this post,non-rumor
1372,Unverified claim spreading rapidly,non-rumor
1373,Unverified claim spreading rapidly,non-rumor
1374,Breaking news event reported in Beijing,non-rumor
1375,Breaking news event reported in Beijing,non-rumor
1376,Check facts before sharing this post,rumor
1377,Unverified claim spreading rapidly,non-rumor
1378,Official statement released by authorities,non-rumor
1379,Unverified claim spreading rapidly,rumor
1380,Unverified claim spreading rapidly,rumor
1381,This is a rumor circulating online,rumor
1382,Check facts before sharing this post,rumor
1383,Official statement released by authorities,non-rumor
1384,Official statement released by authorities,rumor
1385,Official statement released by authorities,rumor
1386,Unverified claim spreading rapidly,rumor
1387,Breaking news event reported in Beijing,non-rumor
1388,Check facts before sharing this post,non-rumor
1389,Official statement released by authorities,non-rumor
1390,Unverified claim spreading rapidly,non-rumor
1391,Unverified claim spreading rapidly,non-rumor
1392,Unverified claim spreading rapidly,non-rumor
1393,Check facts before sharing this post,rumor
1394,Official statement released by authorities,rumor
1395,This is a rumor circulating online,non-rumor
1396,Breaking news event reported in Beijing,non-rumor
1397,Unverified claim spreading rapidly,non-rumor
1398,Check facts before sharing this post,rumor
1399,Breaking news event reported in Beijing,non-rumor
1400,Official statement released by authorities,non-rumor
1401,This is a rumor circulating online,rumor
1402,Unverified claim spreading rapidly,rumor
1403,This is a rumor circulating online,non-rumor
1404,Official statement released by authorities,rumor
1405,Unverified claim spreading rapidly,non-rumor
1406,Breaking news event reported in Beijing,non-rumor
1407,Check facts before sharing this post,rumor
1408,Breaking news event reported in Beijing,non-rumor
1409,Breaking news event reported in Beijing,rumor
1410,Breaking news event reported in Beijing,non-rumor
1411,Official statement released by authorities,non-rumor
1412,Breaking news event reported in Beijing,non-rumor
1413,Breaking news event reported in Beijing,non-rumor
1414,This is a rumor circulating online,non-rumor
1415,This is a rumor circulating online,rumor
1416,Unverified claim spreading rapidly,non-rumor
1417,Official statement released by authorities,non-rumor
1418,Breaking news event reported in Beijing,non-rumor
1419,Breaking news event reported in Beijing,rumor
1420,Breaking news event reported in Beijing,rumor
1421,Breaking news event reported in Beijing,non-rumor
1422,Check facts before sharing this post,non-rumor
1423,Breaking news event reported in Beijing,non-rumor
1424,Unverified claim spreading rapidly,non-rumor
1425,Unverified claim spreading rapidly,non-rumor
1426,Check facts before sharing this post,non-rumor
1427,Official statement released by authorities,non-rumor
1428,Breaking news event reported in Beijing,rumor
1429,Unverified claim spreading rapidly,non-rumor
1430,Breaking news event reported in Beijing,rumor
1431,Official statement released by authorities,rumor
1432,Official statement released by authorities,rumor
1433,This is a rumor circulating online,non-rumor
1434,Breaking news event reported in Beijing,rumor
1435,Official statement released by authorities,non-rumor
1436,Check facts before sharing this post,rumor
1437,Official statement released by authorities,rumor
1438,This is a rumor circulating online,non-rumor
1439,Official statement released by authorities,non-rumor
1440,Breaking news event reported in Beijing,non-rumor
1441,This is a rumor circulating online,non-rumor
1442,This is a rumor circulating online,rumor
1443,Check facts before sharing this post,rumor
1444,This is a rumor circulating online,non-rumor
1445,Check facts before sharing this post,rumor
1446,This is a rumor circulating online,rumor
1447,Official statement released by authorities,rumor
1448,Breaking news event reported in Beijing,rumor
1449,Check facts before sharing this post,non-rumor
1450,Check facts before sharing this post,non-rumor
1451,Official statement released by authorities,non-rumor
1452,Check facts before sharing this post,non-rumor
1453,Breaking news event reported in Beijing,rumor
1454,This is a rumor circulating online,rumor
1455,This is a rumor circulating online,non-rumor
1456,This is a rumor circulating online,non-rumor
1457,Unverified claim spreading rapidly,rumor
1458,Official statement released by authorities,rumor
1459,Breaking news event reported in Beijing,rumor
1460,This is a rumor circulating online,rumor
1461,Official statement released by authorities,rumor
1462,Official statement released by authorities,non-rumor
1463,Check facts before sharing this post,non-rumor
1464,Unverified claim spreading rapidly,rumor
1465,Breaking news event reported in Beijing,non-rumor
1466,Unverified claim spreading rapidly,rumor
1467,Official statement released by authorities,rumor
1468,Check facts before sharing this post,rumor
1469,Breaking news event reported in Beijing,rumor
1470,Check facts before sharing this post,rumor
1471,This is a rumor circulating online,non-rumor
1472,Unverified claim spreading rapidly,rumor
1473,This is a rumor circulating online,non-rumor
1474,Unverified claim spreading rapidly,rumor
1475,Official statement released by authorities,non-rumor
1476,Unverified claim spreading rapidly,rumor
1477,This is a rumor circulating online,non-rumor
1478,Official statement released by authorities,rumor
1479,Unverified claim spreading rapidly,rumor
1480,Unverified claim spreading rapidly,rumor
1481,Breaking news event reported in Beijing,non-rumor
1482,Breaking news event reported in Beijing,rumor
1483,This is a rumor circulating online,rumor
1484,Unverified claim spreading rapidly,non-rumor
1485,Check facts before sharing this post,non-rumor
1486,Breaking news event reported in Beijing,rumor
1487,Official statement released by authorities,rumor
1488,Official statement released by authorities,rumor
1489,This is a rumor circulating online,rumor
1490,This is a rumor circulating online,rumor
1491,Unverified claim spreading rapidly,rumor
1492,This is a rumor circulating online,non-rumor
1493,This is a rumor circulating online,non-rumor
1494,Unverified claim spreading rapidly,non-rumor
1495,Check facts before sharing this post,rumor
1496,Breaking news event reported in Beijing,rumor
1497,This is a rumor circulating online,rumor
1498,Check facts before sharing this post,non-rumor
1499,Check facts before sharing this post,rumor
1500,Breaking news event reported in Beijing,rumor
1501,This is a rumor circulating online,rumor
1502,This is a rumor circulating online,non-rumor
1503,Check facts before sharing this post,rumor
1504,Breaking news event reported in Beijing,non-rumor
1505,This is a rumor circulating online,non-rumor
1506,Unverified claim spreading rapidly,non-rumor
1507,Check facts before sharing this post,non-rumor
1508,Official statement released by authorities,non-rumor
1509,Check facts before sharing this post,non-rumor
1510,This is a rumor circulating online,non-rumor
1511,Unverified claim spreading rapidly,rumor
1512,Breaking news event reported in Beijing,non-rumor
1513,Check facts before sharing this post,non-rumor
1514,This is a rumor circulating online,non-rumor
1515,Breaking news event reported in Beijing,non-rumor
1516,Check facts before sharing this post,rumor
1517,Breaking news event reported in Beijing,rumor
1518,Check facts before sharing this post,rumor
1519,Check facts before sharing this post,non-rumor
1520,This is a rumor circulating online,non-rumor
1521,This is a rumor circulating online,rumor
1522,Official statement released by authorities,rumor
1523,This is a rumor circulating online,rumor
1524,Check facts before sharing this post,rumor
1525,This is a rumor circulating online,rumor
1526,Breaking news event reported in Beijing,rumor
1527,Breaking news event reported in Beijing,rumor
1528,Breaking news event reported in Beijing,rumor
1529,This is a rumor circulating online,non-rumor
1530,Official statement released by authorities,rumor
1531,Official statement released by authorities,rumor
1532,This is a rumor circulating online,rumor
1533,Check facts before sharing this post,rumor
1534,Breaking news event reported in Beijing,rumor
1535,Unverified claim spreading rapidly,non-rumor
1536,Breaking news event reported in Beijing,non-rumor
1537,This is a rumor circulating online,non-rumor
1538,Check facts before sharing this post,rumor
1539,This is a rumor circulating online,rumor
1540,Official statement released by authorities,non-rumor
1541,Breaking news event reported in Beijing,rumor
1542,Unverified claim spreading rapidly,non-rumor
1543,Official statement released by authorities,rumor
1544,Check facts before sharing this post,non-rumor
1545,Unverified claim spreading rapidly,rumor
1546,Official statement released by authorities,rumor
1547,Breaking news event reported in Beijing,non-rumor
1548,Official statement released by authorities,non-rumor
1549,Unverified claim spreading rapidly,non-rumor
1550,Check facts before sharing this post,rumor
1551,This is a rumor circulating online,rumor
1552,Official statement released by authorities,rumor
1553,Official statement released by authorities,non-rumor
1554,Unverified claim spreading rapidly,rumor
1555,This is a rumor circulating online,rumor
1556,Official statement released by authorities,rumor
1557,Unverified claim spreading rapidly,rumor
1558,Breaking news event reported in Beijing,non-rumor
1559,Check facts before sharing this post,rumor
1560,This is a rumor circulating online,rumor
1561,Breaking news event reported in Beijing,rumor
1562,Unverified claim spreading rapidly,rumor
1563,Check facts before sharing this post,non-rumor
1564,Official statement released by authorities,non-rumor
1565,Unverified claim spreading rapidly,non-rumor
1566,Check facts before sharing this post,non-rumor
1567,Unverified claim spreading rapidly,rumor
1568,Official statement released by authorities,non-rumor
1569,This is a rumor circulating online,rumor
1570,Breaking news event reported in Beijing,non-rumor
1571,Official statement released by authorities,non-rumor
1572,Official statement released by authorities,non-rumor
1573,Breaking news event reported in Beijing,rumor
1574,Unverified claim spreading rapidly,non-rumor
1575,Check facts before sharing this post,non-rumor
1576,Breaking news event reported in Beijing,non-rumor
1577,Official statement released by authorities,rumor
1578,Breaking news event reported in Beijing,rumor
1579,Official statement released by authorities,non-rumor
1580,Check facts before sharing this post,rumor
1581,Official statement released by authorities,non-rumor
1582,Breaking news event reported in Beijing,rumor
1583,Check facts before sharing this post,rumor
1584,Unverified claim spreading rapidly,rumor
1585,Check facts before sharing this post,rumor
1586,Check facts before sharing this post,non-rumor
1587,Unverified claim spreading rapidly,non-rumor
1588,Unverified claim spreading rapidly,rumor
1589,Unverified claim spreading rapidly,rumor
1590,Breaking news event reported in Beijing,non-rumor
1591,Breaking news event reported in Beijing,rumor
1592,This is a rumor circulating online,rumor
1593,Unverified claim spreading rapidly,rumor
1594,Official statement released by authorities,non-rumor
1595,This is a rumor circulating online,rumor
1596,Unverified claim spreading rapidly,rumor
1597,Unverified claim spreading rapidly,non-rumor
1598,Breaking news event reported in Beijing,rumor
1599,Check facts before sharing this post,non-rumor
1600,Official statement released by authorities,rumor
1601,Breaking news event reported in Beijing,non-rumor
1602,Official statement released by authorities,non-rumor
1603,Unverified claim spreading rapidly,rumor
1604,Official statement released by authorities,non-rumor
1605,Breaking news event reported in Beijing,non-rumor
1606,Check facts before sharing this post,non-rumor
1607,Official statement released by authorities,rumor
1608,This is a rumor circulating online,non-rumor
1609,This is a rumor circulating online,rumor
1610,Official statement released by authorities,rumor
1611,This is a rumor circulating online,non-rumor
1612,Check facts before sharing this post,rumor
1613,This is a rumor circulating online,non-rumor
1614,Unverified claim spreading rapidly,rumor
1615,This is a rumor circulating online,non-rumor
1616,Unverified claim spreading rapidly,rumor
1617,Breaking news event reported in Beijing,rumor
1618,This is a rumor circulating online,non-rumor
1619,Breaking news event reported in Beijing,rumor
1620,Unverified claim spreading rapidly,rumor
1621,Official statement released by authorities,non-rumor
1622,Breaking news event reported in Beijing,non-rumor
1623,Official statement released by authorities,non-rumor
1624,Official statement released by authorities,rumor
1625,This is a rumor circulating online,non-rumor
1626,Check facts before sharing this post,rumor
1627,Check facts before sharing this post,rumor
1628,This is a rumor circulating online,rumor
1629,Official statement released by authorities,rumor
1630,Official statement released by authorities,rumor
1631,Breaking news event reported in Beijing,rumor
1632,This is a rumor circulating online,rumor
1633,Unverified claim spreading rapidly,non-rumor
1634,Breaking news event reported in Beijing,rumor
1635,This is a rumor circulating online,rumor
1636,This is a rumor circulating online,non-rumor
1637,Check facts before sharing this post,rumor
1638,Breaking news event reported in Beijing,rumor
1639,This is a rumor circulating online,non-rumor
1640,Unverified claim spreading rapidly,non-rumor
1641,Breaking news event reported in Beijing,rumor
1642,Breaking news event reported in Beijing,non-rumor
1643,Unverified claim spreading rapidly,non-rumor
1644,This is a rumor circulating online,non-rumor
1645,Breaking news event reported in Beijing,non-rumor
1646,Official statement released by authorities,rumor
1647,Breaking news event reported in Beijing,non-rumor
1648,Unverified claim spreading rapidly,rumor
1649,This is a rumor circulating online,non-rumor
1650,This is a rumor circulating online,non-rumor
1651,Check facts before sharing this post,rumor
1652,Breaking news event reported in Beijing,rumor
1653,Official statement released by authorities,non-rumor
1654,This is a rumor circulating online,rumor
1655,Unverified claim spreading rapidly,non-rumor
1656,This is a rumor circulating online,rumor
1657,Check facts before sharing this post,non-rumor
1658,Official statement released by authorities,non-rumor
1659,Breaking news event reported in Beijing,rumor
1660,This is a rumor circulating online,rumor
1661,Unverified claim spreading rapidly,non-rumor
1662,Breaking news event reported in Beijing,non-rumor
1663,Official statement released by authorities,rumor
1664,Check facts before sharing this post,rumor
1665,Unverified claim spreading rapidly,rumor
1666,Breaking news event reported in Beijing,non-rumor
1667,This is a rumor circulating online,non-rumor
1668,Breaking news event reported in Beijing,rumor
1669,Official statement released by authorities,rumor
1670,Breaking news event reported in Beijing,non-rumor
1671,Check facts before sharing this post,rumor
1672,Breaking news event reported in Beijing,non-rumor
1673,Breaking news event reported in Beijing,rumor
1674,Breaking news event reported in Beijing,rumor
1675,Unverified claim spreading rapidly,rumor
1676,This is a rumor circulating online,non-rumor
1677,Check facts before sharing this post,non-rumor
1678,Check facts before sharing this post,non-rumor
1679,Unverified claim spreading rapidly,rumor
1680,Official statement released by authorities,non-rumor
1681,Official statement released by authorities,non-rumor
1682,Unverified claim spreading rapidly,non-rumor
1683,Check facts before sharing this post,non-rumor
1684,Unverified claim spreading rapidly,non-rumor
1685,This is a rumor circulating online,non-rumor
1686,Unverified claim spreading rapidly,non-rumor
1687,Breaking news event reported in Beijing,rumor
1688,This is a rumor circulating online,rumor
1689,Check facts before sharing this post,rumor
1690,Breaking news event reported in Beijing,rumor
1691,Breaking news event reported in Beijing,non-rumor
1692,Official statement released by authorities,non-rumor
1693,Unverified claim spreading rapidly,non-rumor
1694,Breaking news event reported in Beijing,rumor
1695,Unverified claim spreading rapidly,non-rumor
1696,Breaking news event reported in Beijing,rumor
1697,Official statement released by authorities,non-rumor
1698,This is a rumor circulating online,non-rumor
1699,Official statement released by authorities,rumor
1700,This is a rumor circulating online,rumor
1701,Unverified claim spreading rapidly,rumor
1702,Check facts before sharing this post,rumor
1703,Check facts before sharing this post,rumor
1704,Check facts before sharing this post,rumor
1705,This is a rumor circulating online,rumor
1706,Unverified claim spreading rapidly,rumor
1707,This is a rumor circulating online,rumor
1708,Check facts before sharing this post,rumor
1709,Official statement released by authorities,non-rumor
1710,Check facts before sharing this post,non-rumor
1711,Official statement released by authorities,non-rumor
1712,Check facts before sharing this post,rumor
1713,Check facts before sharing this post,non-rumor
1714,Unverified claim spreading rapidly,non-rumor
1715,Unverified claim spreading rapidly,non-rumor
1716,Unverified claim spreading rapidly,non-rumor
1717,Unverified claim spreading rapidly,rumor
1718,Unverified claim spreading rapidly,rumor
1719,Unverified claim spreading rapidly,rumor
1720,Official statement released by authorities,rumor
1721,This is a rumor circulating online,rumor
1722,Breaking news event reported in Beijing,rumor
1723,Official statement released by authorities,non-rumor
1724,Breaking news event reported in Beijing,non-rumor
1725,Unverified claim spreading rapidly,rumor
1726,Breaking news event reported in Beijing,rumor
1727,Check facts before sharing this post,non-rumor
1728,Breaking news event reported in Beijing,rumor
1729,Unverified claim spreading rapidly,rumor
1730,Check facts before sharing this post,non-rumor
1731,This is a rumor circulating online,non-rumor
1732,Breaking news event reported in Beijing,non-rumor
1733,Official statement released by authorities,non-rumor
1734,Breaking news event reported in Beijing,non-rumor
1735,This is a rumor circulating online,rumor
1736,This is a rumor circulating online,non-rumor
1737,Official statement released by authorities,rumor
1738,Check facts before sharing this post,non-rumor
1739,Check facts before sharing this post,non-rumor
1740,Unverified claim spreading rapidly,non-rumor
1741,Official statement released by authorities,non-rumor
1742,Breaking news event reported in Beijing,non-rumor
1743,Breaking news event reported in Beijing,non-rumor
1744,Breaking news event reported in Beijing,rumor
1745,Unverified claim spreading rapidly,non-rumor
1746,Breaking news event reported in Beijing,rumor
1747,Breaking news event reported in Beijing,non-rumor
1748,Breaking news event reported in Beijing,rumor
1749,This is a rumor circulating online,non-rumor
1750,Unverified claim spreading rapidly,non-rumor
1751,This is a rumor circulating online,rumor
1752,Breaking news event reported in Beijing,non-rumor
1753,Check facts before sharing this post,rumor
1754,Breaking news event reported in Beijing,rumor
1755,Unverified claim spreading rapidly,rumor
1756,This is a rumor circulating online,non-rumor
1757,Unverified claim spreading rapidly,rumor
1758,Check facts before sharing this post,rumor
1759,Official statement released by authorities,rumor
1760,Breaking news event reported in Beijing,rumor
1761,Unverified claim spreading rapidly,non-rumor
1762,Official statement released by authorities,non-rumor
1763,This is a rumor circulating online,rumor
1764,Official statement released by authorities,rumor
1765,This is a rumor circulating online,rumor
1766,Breaking news event reported in Beijing,non-rumor
1767,Official statement released by authorities,non-rumor
1768,Official statement released by authorities,non-rumor
1769,Unverified claim spreading rapidly,rumor
1770,Unverified claim spreading rapidly,rumor
1771,This is a rumor circulating online,non-rumor
1772,This is a rumor circulating online,non-rumor
1773,Unverified claim spreading rapidly,non-rumor
1774,Unverified claim spreading rapidly,rumor
1775,Check facts before sharing this post,rumor
1776,This is a rumor circulating online,non-rumor
1777,Official statement released by authorities,non-rumor
1778,Check facts before sharing this post,rumor
1779,Official statement released by authorities,rumor
1780,Check facts before sharing this post,rumor
1781,This is a rumor circulating online,rumor
1782,Check facts before sharing this post,non-rumor
1783,Unverified claim spreading rapidly,non-rumor
1784,This is a rumor circulating online,rumor
1785,Official statement released by authorities,non-rumor
1786,Check facts before sharing this post,non-rumor
1787,Official statement released by authorities,non-rumor
1788,Official statement released by authorities,non-rumor
1789,Check facts before sharing this post,non-rumor
1790,Unverified claim spreading rapidly,rumor
1791,Unverified claim spreading rapidly,non-rumor
1792,Unverified claim spreading rapidly,non-rumor
1793,Breaking news event reported in Beijing,non-rumor
1794,Official statement released by authorities,non-rumor
1795,Official statement released by authorities,non-rumor
1796,This is a rumor circulating online,non-rumor
1797,This is a rumor circulating online,non-rumor
1798,This is a rumor circulating online,non-rumor
1799,Unverified claim spreading rapidly,non-rumor
1800,Unverified claim spreading rapidly,rumor
1801,Breaking news event reported in Beijing,non-rumor
1802,Official statement released by authorities,rumor
1803,Unverified claim spreading rapidly,rumor
1804,Check facts before sharing this post,non-rumor
1805,Breaking news event reported in Beijing,rumor
1806,Unverified claim spreading rapidly,non-rumor
1807,This is a rumor circulating online,non-rumor
1808,Official statement released by authorities,rumor
1809,Official statement released by authorities,non-rumor
1810,Unverified claim spreading rapidly,non-rumor
1811,Official statement released by authorities,rumor
1812,Official statement released by authorities,non-rumor
1813,Breaking news event reported in Beijing,non-rumor
1814,Official statement released by authorities,rumor
1815,This is a rumor circulating online,non-rumor
1816,This is a rumor circulating online,rumor
1817,Check facts before sharing this post,non-rumor
1818,Check facts before sharing this post,non-rumor
1819,This is a rumor circulating online,rumor
1820,This is a rumor circulating online,rumor
1821,Unverified claim spreading rapidly,non-rumor
1822,Official statement released by authorities,rumor
1823,Check facts before sharing this post,non-rumor
1824,Breaking news event reported in Beijing,non-rumor
1825,Breaking news event reported in Beijing,non-rumor
1826,Breaking news event reported in Beijing,rumor
1827,Check facts before sharing this post,non-rumor
1828,Official statement released by authorities,non-rumor
1829,This is a rumor circulating online,rumor
1830,Check facts before sharing this post,rumor
1831,This is a rumor circulating online,rumor
1832,Official statement released by authorities,non-rumor
1833,This is a rumor circulating online,non-rumor
1834,Unverified claim spreading rapidly,non-rumor
1835,Official statement released by authorities,non-rumor
1836,This is a rumor circulating online,rumor
1837,This is a rumor circulating online,rumor
1838,Breaking news event reported in Beijing,rumor
1839,This is a rumor circulating online,non-rumor
1840,This is a rumor circulating online,rumor
1841,This is a rumor circulating online,non-rumor
1842,Breaking news event reported in Beijing,non-rumor
1843,This is a rumor circulating online,rumor
1844,Breaking news event reported in Beijing,non-rumor
1845,This is a rumor circulating online,non-rumor
1846,This is a rumor circulating online,rumor
1847,Unverified claim spreading rapidly,non-rumor
1848,Unverified claim spreading rapidly,rumor
1849,Official statement released by authorities,non-rumor
1850,This is a rumor circulating online,rumor
1851,Unverified claim spreading rapidly,rumor
1852,This is a rumor circulating online,rumor
1853,Check facts before sharing this post,non-rumor
1854,Check facts before sharing this post,non-rumor
1855,Unverified claim spreading rapidly,rumor
1856,This is a rumor circulating online,rumor
1857,Check facts before sharing this post,rumor
1858,Check facts before sharing this post,rumor
1859,This is a rumor circulating online,non-rumor
1860,This is a rumor circulating online,rumor
1861,This is a rumor circulating online,non-rumor
1862,This is a rumor circulating online,rumor
1863,Check facts before sharing this post,non-rumor
1864,Unverified claim spreading rapidly,rumor
1865,Unverified claim spreading rapidly,rumor
1866,Unverified claim spreading rapidly,rumor
1867,Breaking news event reported in Beijing,rumor
1868,Breaking news event reported in Beijing,non-rumor
1869,Official statement released by authorities,non-rumor
1870,Official statement released by authorities,rumor
1871,Official statement released by authorities,rumor
1872,Check facts before sharing this post,non-rumor
1873,Unverified claim spreading rapidly,non-rumor
1874,Check facts before sharing this post,rumor
1875,Check facts before sharing this post,rumor
1876,Check facts before sharing this post,rumor
1877,Official statement released by authorities,non-rumor
1878,Check facts before sharing this post,rumor
1879,Official statement released by authorities,rumor
1880,This is a rumor circulating online,non-rumor
1881,Check facts before sharing this post,non-rumor
1882,This is a rumor circulating online,non-rumor
1883,This is a rumor circulating online,non-rumor
1884,Official statement released by authorities,non-rumor
1885,This is a rumor circulating online,rumor
1886,Breaking news event reported in Beijing,non-rumor
1887,Unverified claim spreading rapidly,rumor
1888,Unverified claim spreading rapidly,non-rumor
1889,Check facts before sharing this post,rumor
1890,Official statement released by authorities,rumor
1891,This is a rumor circulating online,non-rumor
1892,Breaking news event reported in Beijing,rumor
1893,Check facts before sharing this post,non-rumor
1894,Official statement released by authorities,non-rumor
1895,Breaking news event reported in Beijing,rumor
1896,Check facts before sharing this post,non-rumor
1897,Check facts before sharing this post,rumor
1898,Official statement released by authorities,non-rumor
1899,Official statement released by authorities,rumor
1900,Official statement released by authorities,non-rumor
1901,Official statement released by authorities,rumor
1902,Breaking news event reported in Beijing,rumor
1903,This is a rumor circulating online,non-rumor
1904,This is a rumor circulating online,rumor
1905,This is a rumor circulating online,rumor
1906,Official statement released by authorities,non-rumor
1907,This is a rumor circulating online,rumor
1908,Breaking news event reported in Beijing,non-rumor
1909,Official statement released by authorities,rumor
1910,Check facts before sharing this post,non-rumor
1911,Breaking news event reported in Beijing,rumor
1912,Check facts before sharing this post,rumor
1913,Official statement released by authorities,rumor
1914,Unverified claim spreading rapidly,non-rumor
1915,Official statement released by authorities,non-rumor
1916,This is a rumor circulating online,rumor
1917,Unverified claim spreading rapidly,rumor
1918,Check facts before sharing this post,rumor
1919,Unverified claim spreading rapidly,rumor
1920,Check facts before sharing this post,rumor
1921,Breaking news event reported in Beijing,non-rumor
1922,Official statement released by authorities,rumor
1923,Check facts before sharing this post,rumor
1924,Check facts before sharing this post,rumor
1925,This is a rumor circulating online,rumor
1926,Check facts before sharing this post,rumor
1927,This is a rumor circulating online,rumor
1928,Unverified claim spreading rapidly,rumor
1929,Check facts before sharing this post,non-rumor
1930,This is a rumor circulating online,non-rumor
1931,This is a rumor circulating online,rumor
1932,Breaking news event reported in Beijing,rumor
1933,Check facts before sharing this post,rumor
1934,Unverified claim spreading rapidly,non-rumor
1935,Unverified claim spreading rapidly,rumor
1936,Check facts before sharing this post,rumor
1937,This is a rumor circulating online,rumor
1938,Unverified claim spreading rapidly,rumor
1939,Check facts before sharing this post,non-rumor
1940,Official statement released by authorities,non-rumor
1941,Official statement released by authorities,rumor
1942,Check facts before sharing this post,rumor
1943,This is a rumor circulating online,rumor
1944,Breaking news event reported in Beijing,non-rumor
1945,Breaking news event reported in Beijing,non-rumor
1946,Breaking news event reported in Beijing,non-rumor
1947,Check facts before sharing this post,rumor
1948,Official statement released by authorities,non-rumor
1949,This is a rumor circulating online,rumor
1950,This is a rumor circulating online,non-rumor
1951,This is a rumor circulating online,non-rumor
1952,This is a rumor circulating online,rumor
1953,This is a rumor circulating online,rumor
1954,This is a rumor circulating online,non-rumor
1955,Official statement released by authorities,non-rumor
1956,Check facts before sharing this post,rumor
1957,Breaking news event reported in Beijing,rumor
1958,Unverified claim spreading rapidly,non-rumor
1959,Check facts before sharing this post,non-rumor
1960,This is a rumor circulating online,non-rumor
1961,This is a rumor circulating online,non-rumor
1962,Official statement released by authorities,non-rumor
1963,Unverified claim spreading rapidly,non-rumor
1964,Unverified claim spreading rapidly,rumor
1965,Breaking news event reported in Beijing,non-rumor
1966,This is a rumor circulating online,non-rumor
1967,Check facts before sharing this post,non-rumor
1968,This is a rumor circulating online,non-rumor
1969,Breaking news event reported in Beijing,rumor
1970,Official statement released by authorities,rumor
1971,Check facts before sharing this post,non-rumor
1972,Breaking news event reported in Beijing,non-rumor
1973,Official statement released by authorities,non-rumor
1974,This is a rumor circulating online,non-rumor
1975,Official statement released by authorities,non-rumor
1976,Official statement released by authorities,rumor
1977,Official statement released by authorities,non-rumor
1978,Official statement released by authorities,rumor
1979,This is a rumor circulating online,rumor
1980,Check facts before sharing this post,non-rumor
1981,Breaking news event reported in Beijing,non-rumor
1982,This is a rumor circulating online,non-rumor
1983,This is a rumor circulating online,non-rumor
1984,This is a rumor circulating online,non-rumor
1985,Unverified claim spreading rapidly,rumor
1986,Unverified claim spreading rapidly,non-rumor
1987,Breaking news event reported in Beijing,non-rumor
1988,Official statement released by authorities,non-rumor
1989,Official statement released by authorities,non-rumor
1990,This is a rumor circulating online,rumor
1991,Official statement released by authorities,rumor
1992,Official statement released by authorities,rumor
1993,Check facts before sharing this post,rumor
1994,Official statement released by authorities,non-rumor
1995,Unverified claim spreading rapidly,non-rumor
1996,Check facts before sharing this post,non-rumor
1997,Breaking news event reported in Beijing,rumor
1998,This is a rumor circulating online,non-rumor
1999,Unverified claim spreading rapidly,non-rumor
